<?xml version="1.0" encoding="UTF-8" ?>
<!DOCTYPE mapper PUBLIC "-//mybatis.org//DTD Mapper 3.0//EN"
"http://mybatis.org/dtd/mybatis-3-mapper.dtd">

<mapper namespace="com.myhome.security1.mapper.MemberMapper">

	<insert id="insert" parameterType="member">
	   insert into member values(#{id},#{passwd})
	</insert>
	
	<select id="select" parameterType="String" resultType="member">
		select * from member where id = #{id}
	</select>
	
	<update id="update" parameterType="member">
		update member set passwd =#{passwd} where id = #{id}
	</update>
	
	<delete id="delete" parameterType="String">
	    delete from member where id = #{id}
	</delete>
	
</mapper>